shipping_is_express,countries_shipped_to,price,units_sold,origin_country,theme,uses_ad_boosts,sales
NO,34,16.0,100,CN,summer,NO,1600.0
NO,41,8.0,20000,CN,summer,YES,160000.0
NO,36,8.0,100,CN,summer,NO,800.0
NO,41,8.0,5000,CN,summer,YES,40000.0
NO,35,2.72,100,CN,summer,YES,272.0
NO,40,3.92,10,CN,summer,NO,39.2
NO,31,7.0,50000,CN,summer,NO,350000.0
NO,139,12.0,1000,CN,summer,NO,12000.0
NO,36,11.0,100,CN,summer,YES,1100.0
NO,33,5.78,5000,CN,summer,NO,28900.0
NO,25,5.79,1000,CN,summer,NO,5790.0
NO,40,6.0,100,CN,summer,YES,600.0
NO,38,1.91,1000,CN,summer,YES,1910.0
NO,43,5.79,1000,CN,summer,NO,5790.0
NO,36,2.0,20000,CN,summer,YES,40000.0
NO,41,11.0,1000,CN,summer,NO,11000.0
NO,34,11.0,10000,CN,summer,NO,110000.0
NO,41,5.0,100000,CN,summer,YES,500000.0
NO,43,9.0,20000,CN,summer,NO,180000.0
NO,41,7.0,1000,CN,summer,NO,7000.0
NO,69,11.0,5000,CN,summer,NO,55000.0
NO,41,5.0,20000,CN,summer,NO,100000.0
NO,51,11.0,1000,CN,summer,NO,11000.0
NO,138,7.0,5000,CN,summer,YES,35000.0
NO,43,5.71,1000,CN,summer,NO,5710.0
NO,41,9.0,1000,CN,summer,NO,9000.0
NO,60,9.0,1000,US,summer,NO,9000.0
NO,43,5.65,20000,CN,summer,NO,113000.0
NO,41,1.74,100,CN,summer,YES,174.0
NO,54,5.65,1000,CN,summer,NO,5650.0
NO,36,14.0,100,CN,summer,NO,1400.0
NO,38,5.65,1000,CN,summer,YES,5650.0
NO,46,8.0,1000,CN,summer,NO,8000.0
NO,22,2.66,5000,CN,summer,NO,13300.0
NO,45,9.0,10000,CN,summer,NO,90000.0
NO,31,11.0,1000,CN,summer,NO,11000.0
NO,40,8.0,100,CN,summer,YES,800.0
NO,43,14.0,5000,CN,summer,YES,70000.0
NO,43,5.8,100,CN,summer,YES,580.0
NO,41,13.0,1000,CN,summer,NO,13000.0
NO,40,9.0,50000,CN,summer,NO,450000.0
NO,43,7.0,10,CN,summer,NO,70.0
NO,22,12.0,100,CN,summer,YES,1200.0
NO,24,3.69,100,CN,summer,NO,369.0
NO,63,5.0,10000,CN,summer,YES,50000.0
NO,43,5.84,100,CN,summer,NO,584.0
NO,34,16.0,10,CN,summer,NO,160.0
NO,32,13.0,1000,CN,summer,NO,13000.0
NO,24,9.0,10000,CN,summer,NO,90000.0
NO,45,7.0,100,CN,summer,NO,700.0
NO,34,11.0,100,CN,summer,NO,1100.0
NO,40,5.84,1000,CN,summer,NO,5840.0
NO,41,1.0,1000,CN,summer,YES,1000.0
NO,25,11.0,1000,CN,summer,YES,11000.0
NO,33,9.0,5000,CN,summer,YES,45000.0
NO,28,6.0,1000,CN,summer,YES,6000.0
NO,40,1.0,100,Not specified,summer,NO,100.0
NO,41,9.0,5000,CN,summer,NO,45000.0
NO,23,6.0,100,CN,summer,NO,600.0
NO,40,11.0,1000,CN,summer,NO,11000.0
NO,139,7.0,50,CN,summer,NO,350.0
NO,33,5.0,50,CN,summer,YES,250.0
NO,35,2.72,100,CN,summer,YES,272.0
NO,29,5.87,1000,CN,summer,YES,5870.0
NO,25,11.0,5000,CN,summer,NO,55000.0
NO,20,8.0,100,CN,summer,NO,800.0
NO,40,14.0,1000,CN,summer,NO,14000.0
NO,40,2.0,100,CN,summer,NO,200.0
NO,30,8.0,10000,CN,summer,YES,80000.0
NO,118,5.79,1000,CN,summer,YES,5790.0
NO,41,8.0,100,CN,summer,YES,800.0
NO,49,4.94,10000,CN,summer,YES,49400.00000000001
NO,14,8.0,10000,CN,summer,NO,80000.0
NO,41,11.0,100,CN,summer,YES,1100.0
NO,25,8.0,10,CN,summer,NO,80.0
NO,41,9.0,50,CN,summer,YES,450.0
NO,31,7.0,100,CN,summer,NO,700.0
NO,36,11.0,10000,CN,summer,NO,110000.0
NO,55,8.0,100,CN,summer,NO,800.0
NO,35,5.83,10000,CN,summer,YES,58300.0
NO,63,8.0,1000,CN,summer,NO,8000.0
NO,31,5.77,100,CN,summer,YES,577.0
NO,30,5.9,10000,CN,summer,NO,59000.0
NO,43,6.0,100,CN,summer,NO,600.0
NO,35,7.0,50000,CN,summer,YES,350000.0
NO,48,8.0,10000,CN,summer,YES,80000.0
NO,13,12.0,1000,CN,summer,NO,12000.0
NO,29,5.78,20000,CN,summer,YES,115600.0
NO,43,12.0,5000,CN,summer,NO,60000.0
NO,35,11.0,20000,CN,summer,YES,220000.0
NO,43,8.0,100,CN,summer,NO,800.0
NO,41,11.0,100,CN,summer,YES,1100.0
NO,46,5.77,100000,CN,summer,NO,577000.0
NO,20,9.0,20000,CN,summer,NO,180000.0
NO,48,1.72,100,CN,summer,YES,172.0
NO,40,1.86,100,CN,summer,YES,186.0
NO,36,14.0,100,CN,summer,YES,1400.0
NO,24,3.69,1000,CN,summer,NO,3690.0
NO,43,5.79,1000,CN,summer,NO,5790.0
NO,45,11.0,100,CN,summer,YES,1100.0
NO,26,9.0,100,CN,summer,YES,900.0
NO,43,6.0,10000,CN,summer,NO,60000.0
NO,36,20.0,100,CN,summer,YES,2000.0
NO,42,5.66,5000,CN,summer,NO,28300.0
NO,33,8.0,100,CN,summer,NO,800.0
NO,39,8.0,1000,CN,summer,YES,8000.0
NO,35,6.0,1000,CN,summer,YES,6000.0
NO,23,11.0,5000,CN,summer,NO,55000.0
NO,26,7.0,1000,CN,summer,YES,7000.0
NO,31,11.0,10000,CN,summer,NO,110000.0
NO,41,5.8100000000000005,100,CN,summer,NO,581.0
NO,26,14.0,10000,CN,summer,NO,140000.0
NO,36,5.0,10,CN,summer,NO,50.0
NO,22,5.0,100,CN,summer,YES,500.0
NO,21,11.0,1000,CN,summer,NO,11000.0
NO,32,12.0,10,CN,summer,NO,120.0
NO,109,5.68,10,CN,summer,NO,56.8
NO,32,11.0,100,VE,summer,YES,1100.0
NO,52,17.0,10000,CN,summer,NO,170000.0
NO,40,7.0,100,CN,summer,NO,700.0
NO,35,12.0,50,CN,summer,YES,600.0
NO,41,7.0,100,CN,summer,NO,700.0
NO,41,7.0,50,CN,summer,NO,350.0
NO,41,11.0,1000,CN,summer,NO,11000.0
NO,42,12.0,100,CN,summer,NO,1200.0
NO,43,13.0,5000,CN,summer,NO,65000.0
NO,33,2.72,1,CN,summer,NO,2.72
NO,33,6.0,20000,CN,summer,YES,120000.0
NO,19,9.0,100,US,summer,YES,900.0
NO,47,5.0,50,CN,summer,NO,250.0
NO,30,5.86,1000,CN,summer,NO,5860.0
NO,23,2.0,10000,CN,summer,YES,20000.0
NO,41,7.0,5000,CN,summer,NO,35000.0
NO,35,5.66,100,CN,summer,NO,566.0
NO,43,13.0,5000,CN,summer,NO,65000.0
NO,28,8.0,5000,CN,summer,YES,40000.0
NO,35,11.0,1000,CN,summer,YES,11000.0
NO,31,8.0,20000,CN,summer,NO,160000.0
NO,58,16.0,100,CN,summer,YES,1600.0
NO,42,11.0,100,CN,summer,NO,1100.0
NO,25,11.0,5000,CN,summer,NO,55000.0
NO,32,8.0,20000,CN,summer,NO,160000.0
NO,41,14.0,1000,CN,summer,YES,14000.0
NO,127,7.0,100,CN,summer,NO,700.0
NO,50,12.0,20000,CN,summer,YES,240000.0
NO,132,7.0,1000,CN,summer,NO,7000.0
NO,26,2.0,100,CN,summer,YES,200.0
NO,18,6.0,100,CN,summer,YES,600.0
NO,38,8.0,1000,CN,summer,YES,8000.0
NO,125,8.0,20000,CN,summer,NO,160000.0
NO,43,8.0,5000,CN,summer,NO,40000.0
NO,30,11.0,1000,CN,summer,YES,11000.0
NO,45,3.66,5000,CN,summer,NO,18300.0
NO,40,1.68,100,CN,summer,YES,168.0
NO,29,13.0,100,CN,summer,NO,1300.0
NO,43,13.0,1000,CN,summer,YES,13000.0
NO,16,11.0,100,US,summer,YES,1100.0
NO,44,7.0,1000,CN,summer,NO,7000.0
NO,39,4.8100000000000005,10000,CN,summer,NO,48100.00000000001
NO,55,9.0,5000,US,summer,NO,45000.0
NO,51,18.0,100,CN,summer,NO,1800.0
NO,41,7.0,5000,CN,summer,YES,35000.0
NO,34,16.0,10,CN,summer,NO,160.0
NO,40,5.0,1000,CN,summer,YES,5000.0
NO,30,1.68,1000,CN,summer,YES,1680.0
NO,49,7.0,100,CN,summer,YES,700.0
NO,8,6.0,50,CN,summer,NO,300.0
NO,12,13.0,1000,CN,summer,YES,13000.0
NO,52,11.0,100,CN,summer,NO,1100.0
NO,46,7.0,5000,CN,summer,NO,35000.0
NO,38,12.0,100,CN,summer,NO,1200.0
NO,74,6.0,100,US,summer,NO,600.0
NO,49,6.0,5000,CN,summer,NO,30000.0
NO,28,8.0,100,CN,summer,YES,800.0
NO,32,8.0,100,CN,summer,NO,800.0
NO,137,11.0,1000,CN,summer,NO,11000.0
NO,55,6.0,5000,CN,summer,NO,30000.0
NO,42,11.0,1000,CN,summer,YES,11000.0
NO,35,9.0,100,CN,summer,YES,900.0
NO,40,8.0,100,CN,summer,NO,800.0
NO,38,3.78,1000,Not specified,summer,YES,3780.0
NO,124,8.0,100,CN,summer,NO,800.0
NO,49,6.0,100,CN,summer,YES,600.0
NO,32,8.0,1000,CN,summer,NO,8000.0
NO,42,9.0,20000,CN,summer,NO,180000.0
NO,65,5.65,5000,CN,summer,YES,28250.0
NO,36,3.0,100,CN,summer,NO,300.0
NO,23,8.0,50,CN,summer,NO,400.0
NO,43,5.74,1000,CN,summer,NO,5740.0
NO,8,5.0,10,CN,summer,NO,50.0
NO,38,8.0,20000,CN,summer,YES,160000.0
NO,138,3.67,10000,CN,summer,YES,36700.0
NO,132,7.0,1000,CN,summer,NO,7000.0
NO,33,8.0,5000,CN,summer,YES,40000.0
NO,41,11.0,1000,CN,summer,NO,11000.0
NO,42,8.0,50,CN,summer,NO,400.0
NO,35,22.0,1000,CN,summer,YES,22000.0
NO,41,8.0,10000,CN,summer,YES,80000.0
NO,47,19.0,1000,CN,summer,YES,19000.0
NO,39,11.0,1000,CN,summer,NO,11000.0
NO,37,6.0,1000,CN,summer,NO,6000.0
NO,41,7.0,5000,CN,summer,YES,35000.0
NO,20,7.0,10000,CN,summer,YES,70000.0
NO,17,8.0,100,CN,summer,NO,800.0
NO,39,14.0,100,CN,summer,NO,1400.0
NO,38,6.0,100,CN,summer,YES,600.0
NO,79,11.0,5000,CN,summer,NO,55000.0
NO,34,6.0,5000,CN,summer,NO,30000.0
NO,42,7.0,5000,CN,summer,NO,35000.0
NO,32,6.0,10000,CN,summer,YES,60000.0
NO,45,7.0,10000,CN,summer,NO,70000.0
NO,36,9.0,1000,CN,summer,YES,9000.0
NO,23,8.0,50,CN,summer,NO,400.0
NO,27,11.0,100,CN,summer,YES,1100.0
NO,38,8.0,100000,CN,summer,YES,800000.0
NO,39,18.0,10000,CN,summer,NO,180000.0
NO,78,11.0,10,CN,summer,NO,110.0
NO,39,4.83,50,VE,summer,YES,241.5
NO,37,8.0,100,CN,summer,YES,800.0
NO,38,5.85,1000,CN,summer,YES,5850.0
NO,27,11.0,100,CN,summer,YES,1100.0
NO,39,9.0,100,CN,summer,YES,900.0
NO,40,15.0,1000,CN,summer,NO,15000.0
NO,39,5.0,1000,CN,summer,NO,5000.0
NO,41,8.0,100,CN,summer,YES,800.0
NO,51,5.69,5000,US,summer,NO,28450.000000000004
NO,23,6.0,100,CN,summer,NO,600.0
NO,41,8.0,5000,CN,summer,YES,40000.0
NO,41,6.0,5000,CN,summer,YES,30000.0
NO,37,11.0,100,CN,summer,NO,1100.0
NO,27,1.72,100,CN,summer,YES,172.0
NO,37,5.78,10000,CN,summer,NO,57800.0
NO,48,11.0,5000,CN,summer,NO,55000.0
NO,24,12.0,1000,CN,summer,NO,12000.0
NO,41,8.0,1000,CN,summer,NO,8000.0
NO,33,1.89,100,CN,summer,NO,189.0
NO,43,12.0,1000,CN,summer,NO,12000.0
NO,20,6.0,10000,CN,summer,YES,60000.0
NO,18,4.0,5000,CN,summer,YES,20000.0
NO,43,7.0,100,CN,summer,NO,700.0
NO,21,8.0,100,CN,summer,NO,800.0
NO,45,5.0,100,CN,summer,NO,500.0
NO,48,5.84,10000,CN,summer,NO,58400.0
NO,44,8.0,10000,CN,summer,NO,80000.0
NO,40,19.0,5000,CN,summer,NO,95000.0
NO,42,11.0,100,CN,summer,YES,1100.0
NO,25,3.85,50,CN,summer,NO,192.5
NO,25,9.0,1000,CN,summer,YES,9000.0
NO,38,8.0,7,CN,summer,NO,56.0
NO,36,11.0,1000,CN,summer,NO,11000.0
NO,40,6.0,20000,CN,summer,YES,120000.0
NO,41,5.0,100000,CN,summer,NO,500000.0
NO,36,16.0,100,CN,summer,YES,1600.0
NO,28,13.0,100,CN,summer,NO,1300.0
NO,40,9.0,100,CN,summer,YES,900.0
NO,104,7.0,100,CN,summer,YES,700.0
NO,40,6.0,20000,CN,summer,NO,120000.0
NO,35,8.0,10000,CN,summer,YES,80000.0
NO,43,4.7,100,CN,summer,YES,470.0
NO,45,4.0,10000,CN,summer,YES,40000.0
NO,41,8.0,5000,CN,summer,YES,40000.0
NO,43,16.0,1000,CN,summer,YES,16000.0
NO,80,11.0,100,CN,summer,NO,1100.0
NO,43,5.77,10000,CN,summer,NO,57699.99999999999
NO,37,8.0,10000,CN,summer,NO,80000.0
NO,40,14.0,100,CN,summer,NO,1400.0
NO,40,6.0,100,CN,summer,NO,600.0
NO,42,13.0,100,CN,summer,YES,1300.0
NO,43,11.0,20000,CN,summer,NO,220000.0
NO,48,4.0,5000,CN,summer,NO,20000.0
NO,44,5.77,1000,CN,summer,NO,5770.0
NO,41,9.0,20000,CN,summer,NO,180000.0
NO,42,11.0,10000,CN,summer,YES,110000.0
NO,139,7.0,50,CN,summer,NO,350.0
NO,51,9.0,1000,CN,summer,YES,9000.0
NO,43,5.8100000000000005,1000,CN,summer,YES,5810.000000000001
NO,54,11.0,100,CN,summer,NO,1100.0
NO,37,11.0,20000,CN,summer,NO,220000.0
NO,42,8.0,5000,CN,summer,YES,40000.0
NO,46,11.0,10000,CN,summer,NO,110000.0
NO,24,6.0,5000,CN,summer,NO,30000.0
NO,41,5.0,5000,CN,summer,NO,25000.0
NO,38,6.0,5000,CN,summer,YES,30000.0
NO,43,8.0,5000,CN,summer,YES,40000.0
NO,35,13.0,100,CN,summer,NO,1300.0
NO,68,11.0,100,CN,summer,NO,1100.0
NO,43,5.65,10000,CN,summer,NO,56500.0
NO,39,4.83,50,VE,summer,YES,241.5
NO,43,8.0,10000,CN,summer,NO,80000.0
NO,34,3.0,100,CN,summer,YES,300.0
NO,25,8.0,50,CN,summer,NO,400.0
NO,18,13.0,10000,CN,summer,NO,130000.0
NO,35,11.0,5000,CN,summer,NO,55000.0
NO,37,7.0,10,CN,summer,NO,70.0
NO,29,5.0,5000,CN,summer,NO,25000.0
NO,39,6.0,1000,CN,summer,NO,6000.0
NO,42,13.0,100,CN,summer,YES,1300.0
NO,49,3.0,20000,CN,summer,YES,60000.0
NO,43,12.0,5000,CN,summer,NO,60000.0
NO,38,11.0,100,CN,summer,YES,1100.0
NO,43,8.0,10000,CN,summer,NO,80000.0
NO,38,5.85,1000,CN,summer,YES,5850.0
NO,27,6.0,100,CN,summer,NO,600.0
NO,71,9.0,1000,US,summer,NO,9000.0
NO,24,8.0,1000,CN,summer,NO,8000.0
NO,41,5.0,100,CN,summer,NO,500.0
NO,23,8.0,50,CN,summer,NO,400.0
NO,41,9.0,20000,CN,summer,YES,180000.0
NO,28,8.0,10000,CN,summer,YES,80000.0
NO,47,4.8100000000000005,100,CN,summer,YES,481.00000000000006
NO,31,14.0,100,CN,summer,YES,1400.0
NO,25,8.0,50,CN,summer,NO,400.0
NO,33,8.0,100,CN,summer,NO,800.0
NO,43,7.0,100,CN,summer,YES,700.0
NO,40,3.0,100,CN,summer,NO,300.0
NO,38,8.0,1000,CN,summer,NO,8000.0
NO,20,8.0,100,CN,summer,NO,800.0
NO,14,12.0,5000,CN,summer,NO,60000.0
NO,43,11.0,100,CN,summer,YES,1100.0
NO,35,8.0,100,CN,summer,YES,800.0
NO,38,8.0,100,CN,summer,NO,800.0
NO,41,6.0,1000,CN,summer,NO,6000.0
NO,70,11.0,100,CN,summer,NO,1100.0
NO,28,8.0,100,CN,summer,YES,800.0
NO,36,8.0,1000,CN,summer,NO,8000.0
NO,44,9.0,10000,CN,summer,YES,90000.0
NO,41,14.0,10,CN,summer,NO,140.0
NO,19,13.0,5000,CN,summer,YES,65000.0
NO,43,4.84,100,CN,summer,YES,484.0
NO,43,5.0,1000,CN,summer,NO,5000.0
NO,40,14.0,5000,CN,summer,YES,70000.0
NO,27,3.0,100,CN,summer,YES,300.0
NO,47,7.0,10000,CN,summer,NO,70000.0
NO,29,5.0,50000,CN,summer,NO,250000.0
NO,22,9.0,100,US,summer,NO,900.0
NO,138,9.0,1000,CN,summer,YES,9000.0
NO,15,8.0,1000,CN,summer,NO,8000.0
NO,19,11.0,2,CN,summer,NO,22.0
NO,27,19.0,5000,CN,summer,NO,95000.0
NO,39,8.0,10000,CN,summer,NO,80000.0
NO,32,7.0,10000,CN,summer,NO,70000.0
NO,26,9.0,100,CN,summer,YES,900.0
NO,29,12.0,5000,CN,summer,NO,60000.0
NO,21,8.0,100,CN,summer,NO,800.0
NO,43,7.0,1000,CN,summer,NO,7000.0
NO,41,8.0,1000,CN,summer,YES,8000.0
NO,10,8.0,10,CN,summer,YES,80.0
NO,39,11.0,20000,CN,summer,NO,220000.0
NO,33,11.0,1,CN,summer,NO,11.0
NO,38,3.7,100,CN,summer,YES,370.0
NO,37,14.0,5000,CN,summer,YES,70000.0
NO,38,11.0,5000,CN,summer,YES,55000.0
NO,27,18.0,1000,CN,summer,YES,18000.0
NO,38,12.0,20000,CN,summer,YES,240000.0
NO,43,14.0,1000,CN,summer,YES,14000.0
NO,41,8.0,50,CN,summer,NO,400.0
NO,45,1.77,10000,CN,summer,YES,17700.0
NO,44,3.73,5000,CN,summer,NO,18650.0
NO,43,8.0,100,CN,summer,NO,800.0
NO,42,18.0,5000,CN,summer,YES,90000.0
NO,48,4.0,100,CN,summer,YES,400.0
NO,41,5.68,10000,CN,summer,NO,56800.0
NO,43,14.0,5000,CN,summer,YES,70000.0
NO,35,1.75,50,CN,summer,YES,87.5
NO,43,14.0,100,CN,summer,YES,1400.0
NO,25,8.0,1000,CN,summer,YES,8000.0
NO,41,6.0,10000,CN,summer,NO,60000.0
NO,24,5.89,5000,CN,summer,NO,29450.0
NO,39,5.0,1000,CN,summer,YES,5000.0
NO,38,2.71,20000,CN,summer,NO,54200.0
NO,42,11.0,100,CN,summer,NO,1100.0
NO,44,16.0,100,CN,summer,NO,1600.0
NO,37,7.0,5000,CN,summer,NO,35000.0
NO,44,4.0,50,CN,summer,YES,200.0
NO,41,6.0,100,CN,summer,YES,600.0
NO,48,8.0,10,CN,summer,NO,80.0
NO,50,4.0,100,CN,summer,YES,400.0
NO,41,11.0,10000,CN,summer,NO,110000.0
NO,41,12.0,5000,CN,summer,NO,60000.0
NO,17,11.0,1000,CN,summer,NO,11000.0
NO,22,1.91,10000,CN,summer,NO,19100.0
NO,45,5.7,50000,CN,summer,NO,285000.0
NO,40,8.0,5000,CN,summer,NO,40000.0
NO,43,9.0,1000,CN,summer,NO,9000.0
NO,33,5.72,100,CN,summer,NO,572.0
NO,41,2.0,100,CN,summer,NO,200.0
NO,43,9.0,1000,CN,summer,NO,9000.0
NO,42,15.0,10,CN,summer,NO,150.0
NO,36,20.0,50,CN,summer,NO,1000.0
NO,42,6.0,1000,CN,summer,YES,6000.0
NO,38,3.0,1000,CN,summer,YES,3000.0
NO,31,9.0,10000,CN,summer,NO,90000.0
NO,42,8.0,10000,CN,summer,YES,80000.0
NO,38,12.0,100,US,summer,YES,1200.0
NO,41,11.0,100,CN,summer,YES,1100.0
NO,43,9.0,100,CN,summer,YES,900.0
NO,34,7.0,1000,CN,summer,NO,7000.0
NO,43,5.92,100,CN,summer,YES,592.0
NO,9,8.0,1000,CN,summer,NO,8000.0
NO,46,11.0,100,CN,summer,YES,1100.0
NO,38,8.0,10000,CN,summer,YES,80000.0
NO,38,15.0,50000,CN,summer,YES,750000.0
NO,23,8.0,20000,CN,summer,YES,160000.0
NO,23,1.68,1000,CN,summer,YES,1680.0
NO,26,24.0,1000,CN,summer,YES,24000.0
NO,32,5.65,100,CN,summer,NO,565.0
NO,139,13.0,100,US,summer,NO,1300.0
NO,40,16.0,100,CN,summer,NO,1600.0
NO,24,5.83,100,CN,summer,NO,583.0
NO,31,7.0,5000,CN,summer,NO,35000.0
NO,43,8.0,5000,CN,summer,YES,40000.0
NO,43,14.0,5000,CN,summer,YES,70000.0
NO,20,5.65,5000,CN,summer,NO,28250.0
NO,20,1.8,1000,CN,summer,YES,1800.0
NO,41,7.0,100,CN,summer,YES,700.0
NO,35,1.75,50,CN,summer,YES,87.5
NO,42,9.0,1000,CN,summer,NO,9000.0
NO,139,12.0,1000,CN,summer,NO,12000.0
NO,31,8.0,1000,CN,summer,NO,8000.0
NO,45,5.0,100,CN,summer,NO,500.0
NO,41,11.0,1000,CN,summer,YES,11000.0
NO,31,8.0,10000,CN,summer,NO,80000.0
NO,24,7.0,100,CN,summer,NO,700.0
NO,43,6.0,1000,CN,summer,NO,6000.0
NO,55,6.0,1000,CN,summer,YES,6000.0
NO,41,13.0,100,CN,summer,YES,1300.0
NO,41,7.0,1000,CN,summer,YES,7000.0
NO,30,13.0,1000,CN,summer,YES,13000.0
NO,22,12.0,50,CN,summer,NO,600.0
NO,38,5.71,1000,CN,summer,YES,5710.0
NO,43,11.0,100,CN,summer,YES,1100.0
NO,8,3.79,20000,CN,summer,NO,75800.0
NO,23,8.0,100,CN,summer,NO,800.0
NO,38,2.0,20000,CN,summer,NO,40000.0
NO,38,6.0,1000,CN,summer,NO,6000.0
NO,20,6.0,50,CN,summer,NO,300.0
NO,43,13.0,100,CN,summer,NO,1300.0
NO,43,8.0,1000,CN,summer,YES,8000.0
NO,140,7.0,100,AT,summer,NO,700.0
NO,54,11.0,5000,CN,summer,NO,55000.0
NO,43,11.0,1000,CN,summer,NO,11000.0
NO,44,8.0,5000,CN,summer,YES,40000.0
NO,38,1.65,1000,CN,summer,YES,1650.0
NO,43,8.0,10000,CN,summer,NO,80000.0
NO,43,12.0,1000,CN,summer,YES,12000.0
NO,30,9.0,10000,CN,summer,YES,90000.0
NO,43,8.0,20000,CN,summer,NO,160000.0
NO,36,5.0,10,CN,summer,NO,50.0
NO,36,11.0,100,CN,summer,YES,1100.0
NO,21,11.0,1000,CN,summer,NO,11000.0
NO,41,9.0,5000,CN,summer,NO,45000.0
NO,42,7.0,10000,CN,summer,NO,70000.0
NO,38,6.0,100,CN,summer,NO,600.0
NO,43,7.0,100,CN,summer,NO,700.0
NO,38,1.65,1000,CN,summer,YES,1650.0
NO,45,11.0,20000,CN,summer,YES,220000.0
NO,40,11.0,1000,CN,summer,YES,11000.0
NO,47,7.0,1000,CN,summer,NO,7000.0
NO,41,8.0,1000,CN,summer,NO,8000.0
NO,41,15.0,5000,CN,summer,NO,75000.0
NO,74,9.0,100,CN,summer,NO,900.0
NO,17,7.0,10000,CN,summer,NO,70000.0
NO,47,11.0,100,CN,summer,YES,1100.0
NO,20,6.0,1000,CN,summer,NO,6000.0
NO,23,8.0,100,CN,summer,NO,800.0
NO,25,2.0,100,CN,summer,YES,200.0
NO,51,8.0,100,CN,summer,NO,800.0
NO,80,22.0,1000,CN,summer,NO,22000.0
NO,42,11.0,1000,CN,summer,NO,11000.0
NO,50,6.0,1000,CN,summer,YES,6000.0
NO,40,6.0,5000,CN,summer,NO,30000.0
NO,42,9.0,100,CN,summer,YES,900.0
NO,36,12.0,20000,CN,summer,YES,240000.0
NO,38,6.0,20000,CN,summer,YES,120000.0
NO,45,9.0,5000,CN,summer,NO,45000.0
NO,82,18.0,100,CN,summer,NO,1800.0
NO,52,11.0,5000,CN,summer,NO,55000.0
NO,52,13.0,1000,US,summer,NO,13000.0
NO,42,11.0,20000,CN,summer,YES,220000.0
NO,20,11.0,1000,CN,summer,NO,11000.0
NO,43,11.0,100,CN,summer,NO,1100.0
NO,41,9.0,50,CN,summer,NO,450.0
NO,8,6.0,50,CN,summer,NO,300.0
NO,20,2.83,20000,SG,summer,YES,56600.0
NO,41,7.0,5000,CN,summer,NO,35000.0
NO,51,15.0,100,CN,summer,YES,1500.0
NO,40,14.0,5000,CN,summer,YES,70000.0
NO,22,12.0,10,CN,summer,NO,120.0
NO,41,5.8100000000000005,100,CN,summer,NO,581.0
NO,34,16.0,100,CN,summer,YES,1600.0
NO,45,7.0,100,CN,summer,NO,700.0
NO,40,8.0,1000,CN,summer,NO,8000.0
NO,42,12.0,10000,CN,summer,NO,120000.0
NO,40,11.0,1000,CN,summer,YES,11000.0
NO,83,11.0,1000,CN,summer,NO,11000.0
NO,39,5.69,5000,CN,summer,NO,28450.000000000004
NO,38,12.0,100,CN,summer,YES,1200.0
NO,127,7.0,100,CN,summer,NO,700.0
NO,40,7.0,50000,Not specified,summer,YES,350000.0
NO,138,5.66,10000,CN,summer,YES,56600.0
NO,47,8.0,20000,CN,summer,NO,160000.0
NO,50,5.0,10000,CN,summer,YES,50000.0
NO,31,14.0,5000,CN,summer,NO,70000.0
NO,43,6.0,1000,CN,summer,NO,6000.0
NO,31,8.0,10000,CN,summer,NO,80000.0
NO,24,5.83,100,CN,summer,NO,583.0
NO,70,11.0,1000,CN,summer,NO,11000.0
NO,40,1.85,100,Not specified,summer,NO,185.0
NO,41,9.0,5000,CN,summer,YES,45000.0
NO,36,8.0,10000,CN,summer,YES,80000.0
NO,38,3.0,50000,CN,summer,NO,150000.0
NO,38,6.0,5000,CN,summer,YES,30000.0
NO,20,3.86,50,CN,summer,NO,193.0
NO,42,9.0,5000,CN,summer,NO,45000.0
NO,24,5.89,5000,CN,summer,NO,29450.0
NO,36,11.0,1000,CN,summer,NO,11000.0
NO,38,8.0,20000,CN,summer,YES,160000.0
NO,19,8.0,10000,CN,summer,YES,80000.0
NO,33,11.0,10,CN,summer,NO,110.0
NO,33,11.0,10,CN,summer,NO,110.0
NO,41,8.0,100,CN,summer,NO,800.0
NO,40,2.0,50,CN,summer,NO,100.0
NO,48,5.66,100,CN,summer,YES,566.0
NO,26,9.0,100,CN,summer,NO,900.0
NO,39,8.0,100,CN,summer,YES,800.0
NO,43,9.0,1000,CN,summer,NO,9000.0
NO,43,2.76,1000,CN,summer,YES,2760.0
NO,38,3.83,100,CN,summer,NO,383.0
NO,43,7.0,10000,CN,summer,YES,70000.0
NO,43,6.0,1000,CN,summer,NO,6000.0
NO,48,8.0,100,CN,summer,NO,800.0
NO,42,8.0,1000,CN,summer,YES,8000.0
NO,30,2.66,100,CN,summer,YES,266.0
NO,47,8.0,20000,CN,summer,NO,160000.0
NO,42,8.0,1000,CN,summer,YES,8000.0
NO,111,3.67,5000,CN,summer,NO,18350.0
NO,38,12.0,20000,CN,summer,NO,240000.0
NO,43,13.0,20000,CN,summer,YES,260000.0
NO,26,9.0,5000,CN,summer,YES,45000.0
NO,36,9.0,50,CN,summer,YES,450.0
NO,14,8.0,100,CN,summer,NO,800.0
NO,30,12.0,10000,CN,summer,NO,120000.0
NO,43,5.0,100,CN,summer,YES,500.0
NO,31,6.0,5000,CN,summer,NO,30000.0
NO,27,14.0,1000,CN,summer,NO,14000.0
NO,43,8.0,5000,CN,summer,NO,40000.0
NO,42,8.0,20000,CN,summer,YES,160000.0
NO,40,8.0,20000,Not specified,summer,NO,160000.0
NO,10,18.0,20000,CN,summer,NO,360000.0
NO,28,3.93,100,CN,summer,NO,393.0
NO,55,11.0,100,CN,summer,YES,1100.0
NO,38,6.0,100,CN,summer,YES,600.0
NO,31,8.0,1000,CN,summer,NO,8000.0
NO,41,11.0,100,CN,summer,YES,1100.0
NO,37,7.0,5000,CN,summer,NO,35000.0
NO,25,12.0,100,CN,summer,YES,1200.0
NO,35,11.0,100,CN,summer,YES,1100.0
NO,42,11.0,100,CN,summer,NO,1100.0
NO,27,3.0,50,CN,summer,NO,150.0
NO,40,5.0,5000,CN,summer,YES,25000.0
NO,41,9.0,1000,CN,summer,NO,9000.0
NO,26,8.0,1000,CN,summer,NO,8000.0
NO,39,9.0,20000,CN,summer,YES,180000.0
NO,41,11.0,20000,CN,summer,NO,220000.0
NO,60,11.0,20000,CN,summer,NO,220000.0
NO,37,7.0,10000,CN,summer,NO,70000.0
NO,20,3.93,100,SG,summer,YES,393.0
NO,23,7.0,100,CN,summer,YES,700.0
NO,23,8.0,100,CN,summer,NO,800.0
NO,41,7.0,5000,CN,summer,NO,35000.0
NO,35,3.7,10,CN,summer,NO,37.0
NO,43,8.0,100,CN,summer,NO,800.0
NO,31,8.0,1000,CN,summer,NO,8000.0
NO,39,3.94,100,CN,summer,NO,394.0
NO,32,15.0,1000,CN,summer,NO,15000.0
NO,36,5.0,1000,CN,summer,YES,5000.0
NO,31,5.77,100,CN,summer,YES,577.0
NO,25,4.67,100,CN,summer,YES,467.0
NO,80,11.0,100,CN,summer,NO,1100.0
NO,20,5.9,5000,CN,summer,NO,29500.0
NO,38,3.7,100,CN,summer,YES,370.0
NO,39,5.0,1000,CN,summer,YES,5000.0
NO,20,9.0,5000,CN,summer,NO,45000.0
NO,41,16.0,100,CN,summer,NO,1600.0
NO,49,6.0,10000,CN,summer,NO,60000.0
NO,28,16.0,1000,CN,summer,NO,16000.0
NO,22,3.76,1000,CN,summer,NO,3760.0
NO,57,8.0,1000,CN,summer,YES,8000.0
NO,26,11.0,100,CN,summer,YES,1100.0
NO,40,8.0,100,CN,summer,YES,800.0
NO,42,12.0,1000,CN,summer,NO,12000.0
NO,43,8.0,5000,CN,summer,YES,40000.0
NO,18,11.0,100,CN,summer,YES,1100.0
NO,48,5.0,10000,CN,summer,NO,50000.0
NO,45,5.0,1000,CN,summer,YES,5000.0
NO,35,7.0,1000,CN,summer,YES,7000.0
NO,38,8.0,5000,CN,summer,YES,40000.0
NO,40,15.0,3,CN,summer,NO,45.0
NO,13,12.0,1000,CN,summer,NO,12000.0
NO,56,7.0,100,CN,summer,NO,700.0
NO,38,13.0,5000,CN,summer,YES,65000.0
NO,42,9.0,100,CN,summer,NO,900.0
NO,35,5.0,100,CN,summer,NO,500.0
NO,40,14.0,1000,CN,summer,YES,14000.0
NO,54,7.0,10000,CN,summer,YES,70000.0
NO,41,13.0,10000,CN,summer,YES,130000.0
NO,35,2.0,1000,CN,summer,YES,2000.0
NO,35,4.73,100,CN,summer,YES,473.00000000000006
NO,39,11.0,20000,CN,summer,NO,220000.0
NO,34,8.0,5000,CN,summer,YES,40000.0
NO,40,4.74,5000,CN,summer,NO,23700.0
NO,30,8.0,10000,CN,summer,NO,80000.0
NO,23,8.0,100,CN,summer,NO,800.0
NO,35,8.0,100,CN,summer,NO,800.0
NO,26,5.95,100,US,summer,YES,595.0
NO,81,3.65,100,CN,summer,YES,365.0
NO,43,2.81,5000,CN,summer,NO,14050.0
NO,41,4.66,10000,CN,summer,NO,46600.0
NO,8,5.0,10,CN,summer,NO,50.0
NO,41,5.0,1000,CN,summer,YES,5000.0
NO,40,8.0,100,CN,summer,YES,800.0
NO,43,13.0,1000,CN,summer,YES,13000.0
NO,36,8.0,5000,CN,summer,NO,40000.0
NO,45,8.0,100,CN,summer,NO,800.0
NO,44,7.0,100,CN,summer,NO,700.0
NO,32,12.0,1000,CN,summer,YES,12000.0
NO,45,5.0,1000,CN,summer,YES,5000.0
NO,44,13.0,1000,US,summer,YES,13000.0
NO,43,14.0,10000,CN,summer,NO,140000.0
NO,39,7.0,10000,CN,summer,YES,70000.0
NO,43,6.0,20000,CN,summer,YES,120000.0
NO,43,8.0,5000,CN,summer,YES,40000.0
NO,40,5.0,100,Not specified,summer,NO,500.0
NO,42,11.0,100,CN,summer,YES,1100.0
NO,43,5.65,10,CN,summer,NO,56.5
NO,90,3.76,50,CN,summer,NO,188.0
NO,27,7.0,100,CN,summer,YES,700.0
NO,138,4.67,10000,CN,summer,YES,46700.0
NO,80,11.0,100,CN,summer,NO,1100.0
NO,44,2.8,100,CN,summer,YES,280.0
NO,55,16.0,10,CN,summer,YES,160.0
NO,107,9.0,100,CN,summer,NO,900.0
NO,43,7.0,5000,CN,summer,YES,35000.0
NO,26,16.0,100,CN,summer,NO,1600.0
NO,61,9.0,50,US,summer,NO,450.0
NO,43,3.0,100,CN,summer,YES,300.0
NO,38,6.0,5000,CN,summer,YES,30000.0
NO,38,12.0,1000,CN,summer,NO,12000.0
NO,41,6.0,100,CN,summer,NO,600.0
NO,41,13.0,1000,CN,summer,NO,13000.0
NO,64,9.0,5000,CN,summer,YES,45000.0
NO,43,9.0,20000,CN,summer,NO,180000.0
NO,13,5.0,100,CN,summer,NO,500.0
NO,39,16.0,100,CN,summer,NO,1600.0
NO,43,11.0,20000,CN,summer,YES,220000.0
NO,41,2.0,100,CN,summer,NO,200.0
NO,43,8.0,100,CN,summer,NO,800.0
NO,45,7.0,10000,CN,summer,NO,70000.0
NO,42,14.0,1000,CN,summer,NO,14000.0
NO,43,12.0,5000,CN,summer,NO,60000.0
NO,22,7.0,100,CN,summer,NO,700.0
YES,41,8.0,100,CN,summer,NO,800.0
NO,37,8.0,1000,CN,summer,NO,8000.0
NO,17,14.0,1000,CN,summer,NO,14000.0
NO,18,6.0,5000,CN,summer,NO,30000.0
NO,35,11.0,20000,CN,summer,YES,220000.0
NO,43,8.0,1000,CN,summer,YES,8000.0
NO,22,14.0,10,CN,summer,YES,140.0
NO,54,5.0,100,CN,summer,NO,500.0
NO,33,11.0,100,CN,summer,NO,1100.0
NO,43,4.8100000000000005,3,CN,summer,NO,14.430000000000001
NO,34,9.0,100,CN,summer,NO,900.0
NO,62,11.0,10,US,summer,NO,110.0
NO,58,12.0,1000,CN,summer,YES,12000.0
NO,18,6.0,1000,CN,summer,NO,6000.0
NO,67,3.87,100,CN,summer,YES,387.0
NO,47,5.0,50,CN,summer,NO,250.0
NO,18,11.0,1000,CN,summer,NO,11000.0
NO,31,8.0,10000,CN,summer,NO,80000.0
NO,40,5.0,100,Not specified,summer,NO,500.0
NO,39,14.0,100,CN,summer,YES,1400.0
NO,38,3.0,1000,CN,summer,YES,3000.0
NO,41,9.0,10000,CN,summer,YES,90000.0
NO,38,3.83,100,CN,summer,NO,383.0
NO,38,6.0,100,CN,summer,YES,600.0
NO,24,9.0,5000,CN,summer,NO,45000.0
NO,18,12.0,10000,CN,summer,NO,120000.0
NO,41,7.0,5000,CN,summer,NO,35000.0
NO,35,11.0,10000,CN,summer,YES,110000.0
NO,90,3.76,50,CN,summer,NO,188.0
NO,109,11.0,1000,CN,summer,NO,11000.0
NO,33,11.0,1000,CN,summer,NO,11000.0
NO,45,13.0,20000,CN,summer,NO,260000.0
NO,43,5.77,100,CN,summer,NO,577.0
NO,24,5.0,100,CN,summer,NO,500.0
NO,30,11.0,5000,CN,summer,NO,55000.0
NO,49,6.0,100,CN,summer,NO,600.0
NO,41,5.0,1000,CN,summer,NO,5000.0
NO,8,6.0,50,CN,summer,NO,300.0
NO,137,8.0,1000,CN,summer,YES,8000.0
NO,41,11.0,1000,CN,summer,YES,11000.0
NO,54,5.0,100,CN,summer,NO,500.0
NO,23,7.0,1000,CN,summer,YES,7000.0
NO,11,12.0,10000,CN,summer,NO,120000.0
NO,41,2.0,100,CN,summer,YES,200.0
NO,25,4.0,100,CN,summer,YES,400.0
NO,60,11.0,10000,US,summer,NO,110000.0
NO,33,13.0,100,CN,summer,NO,1300.0
NO,40,6.0,10000,CN,summer,NO,60000.0
NO,28,12.0,100,CN,summer,NO,1200.0
NO,41,12.0,5000,CN,summer,NO,60000.0
NO,40,14.0,100,CN,summer,YES,1400.0
NO,139,11.0,100,CN,summer,YES,1100.0
NO,36,14.0,100,CN,summer,NO,1400.0
NO,41,9.0,1000,CN,summer,NO,9000.0
NO,26,11.0,100,CN,summer,YES,1100.0
NO,118,3.7,5000,CN,summer,YES,18500.0
NO,43,9.0,10000,CN,summer,YES,90000.0
NO,35,3.85,1000,CN,summer,YES,3850.0
NO,22,8.0,1000,CN,summer,YES,8000.0
NO,26,14.0,1000,CN,summer,YES,14000.0
NO,47,11.0,20000,CN,summer,NO,220000.0
NO,24,6.0,5000,CN,summer,NO,30000.0
NO,43,8.0,5000,CN,summer,NO,40000.0
NO,50,5.74,10000,CN,summer,YES,57400.0
NO,38,11.0,100,CN,summer,YES,1100.0
NO,42,2.0,1000,CN,summer,YES,2000.0
NO,63,8.0,1000,CN,summer,NO,8000.0
NO,58,8.0,1000,CN,summer,YES,8000.0
NO,35,2.0,1000,CN,summer,NO,2000.0
NO,24,11.0,5000,CN,summer,NO,55000.0
NO,37,11.0,20000,CN,summer,NO,220000.0
NO,10,8.0,10,CN,summer,YES,80.0
NO,41,5.0,5000,CN,summer,YES,25000.0
NO,81,9.0,100,CN,summer,NO,900.0
NO,43,9.0,5000,CN,summer,NO,45000.0
NO,40,7.0,100,CN,summer,NO,700.0
NO,41,9.0,20000,CN,summer,NO,180000.0
NO,44,11.0,5000,CN,summer,YES,55000.0
NO,30,2.0,100,CN,summer,YES,200.0
NO,32,14.0,20000,CN,summer,YES,280000.0
NO,33,7.0,10000,CN,summer,NO,70000.0
NO,41,8.0,10000,CN,summer,YES,80000.0
NO,37,13.0,10000,CN,summer,YES,130000.0
NO,35,12.0,50,CN,summer,YES,600.0
NO,31,8.0,10000,CN,summer,NO,80000.0
NO,43,8.0,8,CN,summer,NO,64.0
NO,31,11.0,1000,CN,summer,YES,11000.0
NO,45,5.0,100,CN,summer,NO,500.0
NO,32,5.75,100,CN,summer,YES,575.0
NO,48,8.0,5000,CN,summer,YES,40000.0
NO,40,7.0,100,CN,summer,NO,700.0
NO,45,6.0,50,CN,summer,YES,300.0
NO,41,11.0,20000,CN,summer,YES,220000.0
NO,23,5.65,1000,CN,summer,YES,5650.0
NO,41,8.0,5000,CN,summer,NO,40000.0
NO,20,5.0,5000,CN,summer,NO,25000.0
NO,45,11.0,10000,CN,summer,YES,110000.0
YES,41,49.0,100,CN,summer,NO,4900.0
NO,40,5.0,100,CN,summer,YES,500.0
NO,41,4.66,100,CN,summer,YES,466.0
NO,41,7.0,100,CN,summer,YES,700.0
NO,21,19.0,1000,CN,summer,YES,19000.0
NO,54,23.0,100,CN,summer,NO,2300.0
NO,39,9.0,100,CN,summer,YES,900.0
NO,43,6.0,1000,CN,summer,NO,6000.0
NO,40,14.0,100,CN,summer,NO,1400.0
NO,38,22.0,20000,CN,summer,YES,440000.0
NO,36,8.0,1000,CN,summer,YES,8000.0
NO,30,2.66,100,CN,summer,YES,266.0
NO,40,2.0,100,CN,summer,NO,200.0
NO,47,16.0,10000,CN,summer,NO,160000.0
NO,18,11.0,1000,CN,summer,NO,11000.0
NO,26,14.0,1000,CN,summer,NO,14000.0
NO,32,16.0,2,CN,summer,NO,32.0
NO,15,8.0,1000,CN,summer,NO,8000.0
NO,43,9.0,5000,CN,summer,YES,45000.0
NO,33,14.0,100,CN,summer,NO,1400.0
NO,36,11.0,10000,CN,summer,YES,110000.0
NO,36,15.0,1000,CN,summer,NO,15000.0
NO,44,4.0,50,CN,summer,YES,200.0
NO,139,5.75,10,CN,summer,YES,57.5
NO,28,9.0,1000,CN,summer,YES,9000.0
NO,24,6.0,1000,CN,summer,NO,6000.0
NO,21,8.0,10000,CN,summer,NO,80000.0
NO,58,5.73,1000,CN,summer,YES,5730.0
NO,18,8.0,20000,CN,summer,NO,160000.0
NO,33,11.0,1000,CN,summer,YES,11000.0
NO,37,8.0,50,CN,summer,YES,400.0
NO,21,7.0,10,CN,summer,NO,70.0
NO,30,4.0,50000,CN,summer,NO,200000.0
NO,41,13.0,100,CN,summer,NO,1300.0
NO,40,12.0,1000,CN,summer,YES,12000.0
NO,31,9.0,10000,CN,summer,NO,90000.0
NO,10,5.78,5000,CN,summer,YES,28900.0
NO,29,5.86,1000,CN,summer,NO,5860.0
NO,18,9.0,10000,CN,summer,NO,90000.0
NO,22,3.87,1000,CN,summer,NO,3870.0
NO,55,9.0,1000,CN,summer,NO,9000.0
NO,30,5.74,100,CN,summer,YES,574.0
NO,23,9.0,10000,CN,summer,YES,90000.0
NO,63,8.0,7,CN,summer,NO,56.0
NO,38,3.68,100,Not specified,summer,NO,368.0
NO,38,4.86,1000,CN,summer,YES,4860.0
NO,27,11.0,100,CN,summer,YES,1100.0
NO,36,12.0,50,CN,summer,YES,600.0
NO,25,15.0,1000,CN,summer,YES,15000.0
NO,48,3.91,1000,CN,summer,YES,3910.0
NO,94,11.0,100,CN,summer,NO,1100.0
NO,40,11.0,100,CN,summer,NO,1100.0
NO,33,8.0,10000,CN,summer,YES,80000.0
NO,14,8.0,10000,CN,summer,NO,80000.0
NO,38,14.0,10000,CN,summer,YES,140000.0
NO,41,7.0,50,CN,summer,NO,350.0
NO,25,6.0,100,CN,summer,NO,600.0
NO,37,6.0,1000,CN,summer,NO,6000.0
NO,25,12.0,100,CN,summer,YES,1200.0
NO,61,9.0,50,US,summer,NO,450.0
NO,38,3.88,100,CN,summer,NO,388.0
NO,20,8.0,20000,CN,summer,NO,160000.0
NO,43,12.0,1000,CN,summer,YES,12000.0
NO,41,5.65,1000,CN,summer,NO,5650.0
NO,41,11.0,1000,CN,summer,NO,11000.0
NO,41,12.0,1000,CN,summer,NO,12000.0
NO,50,5.74,10000,CN,summer,YES,57400.0
NO,47,9.0,100,CN,summer,YES,900.0
NO,43,8.0,5000,CN,summer,NO,40000.0
NO,41,8.0,1000,CN,summer,YES,8000.0
NO,47,5.79,5000,CN,summer,NO,28950.0
NO,18,8.0,10000,CN,summer,NO,80000.0
NO,48,2.79,100,CN,summer,YES,279.0
NO,43,9.0,100,CN,summer,YES,900.0
NO,33,13.0,100,CN,summer,NO,1300.0
NO,24,8.0,20000,CN,summer,NO,160000.0
NO,40,5.65,1000,CN,summer,NO,5650.0
NO,20,4.86,1000,CN,summer,YES,4860.0
NO,54,6.0,1000,US,summer,YES,6000.0
NO,35,6.0,1000,CN,summer,NO,6000.0
NO,39,8.0,1000,CN,summer,NO,8000.0
NO,43,11.0,5000,CN,summer,NO,55000.0
NO,59,9.0,10000,CN,summer,NO,90000.0
NO,63,8.0,1000,CN,summer,NO,8000.0
NO,49,12.0,20000,CN,summer,YES,240000.0
NO,41,14.0,1000,CN,summer,NO,14000.0
NO,33,8.0,100,CN,summer,NO,800.0
NO,37,8.0,1000,CN,summer,NO,8000.0
NO,33,8.0,100,CN,summer,NO,800.0
NO,47,7.0,5000,CN,summer,NO,35000.0
NO,33,7.0,5000,CN,summer,NO,35000.0
NO,44,16.0,1000,CN,summer,YES,16000.0
NO,41,11.0,1000,CN,summer,NO,11000.0
NO,94,9.0,1000,CN,summer,NO,9000.0
NO,26,5.0,5000,CN,summer,YES,25000.0
YES,43,16.0,1000,CN,summer,YES,16000.0
NO,36,7.0,1000,CN,summer,YES,7000.0
NO,43,9.0,5000,CN,summer,NO,45000.0
NO,45,1.76,100,CN,summer,NO,176.0
NO,41,5.0,5000,CN,summer,NO,25000.0
NO,43,8.0,1000,CN,summer,NO,8000.0
NO,49,4.69,5000,CN,summer,YES,23450.000000000004
NO,43,8.0,1000,CN,summer,YES,8000.0
NO,45,6.0,100,CN,summer,NO,600.0
NO,41,6.0,10,CN,summer,NO,60.0
NO,20,6.0,1000,CN,summer,NO,6000.0
NO,36,4.65,50,CN,summer,NO,232.50000000000003
NO,27,2.67,10,CN,summer,NO,26.7
NO,30,11.0,100,CN,summer,YES,1100.0
NO,41,5.0,100,CN,summer,YES,500.0
NO,35,11.0,1000,CN,summer,YES,11000.0
NO,41,7.0,20000,CN,summer,NO,140000.0
NO,54,12.0,1000,CN,summer,NO,12000.0
NO,43,1.72,1000,CN,summer,YES,1720.0
NO,55,1.72,100,CN,summer,NO,172.0
NO,38,8.0,10000,CN,summer,YES,80000.0
NO,43,5.8,1000,CN,summer,YES,5800.0
NO,18,7.0,50000,CN,summer,NO,350000.0
NO,140,3.66,100,CN,summer,YES,366.0
NO,42,3.83,5000,CN,summer,YES,19150.0
NO,33,13.0,10000,CN,summer,YES,130000.0
NO,41,6.0,5000,CN,summer,YES,30000.0
NO,30,15.0,100,CN,summer,NO,1500.0
NO,23,8.0,100,CN,summer,NO,800.0
NO,31,1.71,50,CN,summer,YES,85.5
NO,42,12.0,10000,CN,summer,YES,120000.0
NO,36,20.0,50,CN,summer,NO,1000.0
NO,41,9.0,1000,CN,summer,NO,9000.0
NO,27,2.0,1000,CN,summer,YES,2000.0
NO,35,5.0,100,CN,summer,YES,500.0
NO,43,9.0,10000,CN,summer,NO,90000.0
NO,35,11.0,100,CN,summer,YES,1100.0
NO,36,16.0,1000,CN,summer,YES,16000.0
NO,13,7.0,5000,CN,summer,NO,35000.0
NO,41,7.0,10000,CN,summer,NO,70000.0
NO,78,8.0,50000,CN,summer,NO,400000.0
NO,14,8.0,100,CN,summer,NO,800.0
NO,24,8.0,10000,CN,summer,NO,80000.0
NO,29,3.0,100,CN,summer,YES,300.0
NO,138,8.0,1000,CN,summer,NO,8000.0
NO,34,6.0,5000,CN,summer,NO,30000.0
NO,34,9.0,100,CN,summer,NO,900.0
NO,43,11.0,100,CN,summer,NO,1100.0
NO,14,13.0,1000,CN,summer,NO,13000.0
NO,37,11.0,5000,CN,summer,YES,55000.0
NO,41,7.0,1000,CN,summer,NO,7000.0
NO,43,9.0,10,CN,summer,YES,90.0
NO,21,8.0,100,CN,summer,NO,800.0
NO,42,8.0,1000,CN,summer,NO,8000.0
NO,48,6.0,5000,CN,summer,YES,30000.0
NO,40,14.0,100,CN,summer,NO,1400.0
NO,40,13.0,100,CN,summer,NO,1300.0
NO,43,13.0,1000,CN,summer,NO,13000.0
NO,23,5.0,5000,CN,summer,YES,25000.0
NO,27,3.69,100,CN,summer,YES,369.0
NO,25,3.85,1000,CN,summer,YES,3850.0
NO,40,11.0,100,CN,summer,NO,1100.0
NO,35,2.0,1000,CN,summer,NO,2000.0
NO,15,8.0,100,CN,summer,YES,800.0
NO,38,7.0,10,CN,summer,NO,70.0
NO,42,11.0,1000,CN,summer,NO,11000.0
NO,28,11.0,5000,CN,summer,YES,55000.0
NO,33,2.7,10000,CN,summer,YES,27000.0
NO,40,5.83,5000,Not specified,summer,NO,29150.0
NO,43,11.0,20000,CN,summer,YES,220000.0
NO,42,12.0,100,CN,summer,NO,1200.0
NO,35,5.66,100,CN,summer,NO,566.0
NO,26,16.0,100,CN,summer,NO,1600.0
NO,43,3.67,1000,CN,summer,NO,3670.0
NO,42,12.0,100,CN,summer,NO,1200.0
NO,31,2.71,100,CN,summer,YES,271.0
NO,137,5.73,100,CN,summer,NO,573.0
NO,25,8.0,10000,CN,summer,NO,80000.0
NO,81,9.0,100,CN,summer,NO,900.0
NO,27,14.0,100,CN,summer,NO,1400.0
NO,138,3.66,100,CN,summer,NO,366.0
NO,14,6.0,100,CN,summer,NO,600.0
NO,43,12.0,1000,CN,summer,NO,12000.0
NO,43,9.0,5000,CN,summer,NO,45000.0
NO,38,13.0,100,CN,summer,YES,1300.0
NO,27,3.0,50,CN,summer,NO,150.0
NO,35,9.0,1000,CN,summer,YES,9000.0
NO,41,11.0,1000,CN,summer,NO,11000.0
NO,32,11.0,100,CN,summer,NO,1100.0
NO,26,11.0,100,CN,summer,YES,1100.0
NO,40,9.0,10000,Not specified,summer,YES,90000.0
NO,40,7.0,1000,CN,summer,NO,7000.0
NO,48,3.73,100,CN,summer,YES,373.0
NO,23,8.0,50,CN,summer,NO,400.0
NO,35,3.81,100,CN,summer,YES,381.0
NO,41,6.0,10000,CN,summer,YES,60000.0
NO,37,12.0,1000,CN,summer,NO,12000.0
NO,27,6.0,100,CN,summer,YES,600.0
NO,45,6.0,10000,CN,summer,NO,60000.0
NO,53,9.0,50000,CN,summer,NO,450000.0
NO,79,13.0,50,CN,summer,NO,650.0
NO,23,11.0,10000,CN,summer,NO,110000.0
NO,91,3.9,1000,CN,summer,NO,3900.0
NO,43,8.0,100,CN,summer,YES,800.0
NO,53,6.0,50000,CN,summer,NO,300000.0
NO,43,6.0,5000,CN,summer,NO,30000.0
NO,41,8.0,50,CN,summer,YES,400.0
NO,43,4.68,1000,CN,summer,YES,4680.0
NO,41,8.0,1000,CN,summer,NO,8000.0
NO,31,8.0,20000,CN,summer,NO,160000.0
NO,38,8.0,1000,CN,summer,YES,8000.0
NO,33,7.0,100,CN,summer,NO,700.0
NO,31,7.0,10000,CN,summer,NO,70000.0
NO,109,7.0,1000,CN,summer,YES,7000.0
NO,36,5.65,1000,CN,summer,YES,5650.0
NO,94,9.0,1000,CN,summer,NO,9000.0
NO,36,8.0,10000,CN,summer,NO,80000.0
NO,52,12.0,1000,CN,summer,NO,12000.0
NO,27,5.0,1000,CN,summer,YES,5000.0
NO,36,3.84,1000,CN,summer,NO,3840.0
NO,39,8.0,10000,CN,summer,YES,80000.0
NO,12,12.0,1000,CN,summer,NO,12000.0
NO,43,5.79,100,CN,summer,YES,579.0
NO,41,7.0,10,CN,summer,YES,70.0
NO,90,3.0,1000,CN,summer,YES,3000.0
NO,30,13.0,1000,CN,summer,YES,13000.0
NO,43,8.0,10000,CN,summer,NO,80000.0
NO,25,8.0,100,CN,summer,YES,800.0
NO,30,9.0,100,CN,summer,YES,900.0
NO,43,9.0,1000,CN,summer,YES,9000.0
NO,41,4.9,1000,CN,summer,YES,4900.0
NO,39,8.0,1000,CN,summer,NO,8000.0
NO,27,25.0,50,CN,summer,YES,1250.0
NO,30,2.0,100,CN,summer,YES,200.0
NO,35,9.0,1000,CN,summer,YES,9000.0
NO,105,11.0,100,CN,summer,NO,1100.0
NO,37,12.0,1000,CN,summer,YES,12000.0
NO,47,9.0,10000,CN,summer,NO,90000.0
NO,21,7.0,10,CN,summer,NO,70.0
NO,43,8.0,100,CN,summer,YES,800.0
NO,43,8.0,1000,CN,summer,NO,8000.0
NO,42,15.0,5000,CN,summer,NO,75000.0
NO,43,14.0,5000,CN,summer,NO,70000.0
NO,35,13.0,20000,CN,summer,YES,260000.0
NO,39,4.83,50,VE,summer,YES,241.5
NO,44,6.0,100,CN,summer,YES,600.0
NO,139,13.0,100,US,summer,NO,1300.0
NO,20,11.0,5000,CN,summer,NO,55000.0
NO,24,8.0,1000,CN,summer,NO,8000.0
NO,73,7.0,1000,CN,summer,NO,7000.0
NO,26,9.0,100,CN,summer,YES,900.0
NO,35,2.0,5000,CN,summer,YES,10000.0
NO,40,8.0,10000,CN,summer,NO,80000.0
NO,49,8.0,1000,CN,summer,YES,8000.0
NO,36,8.0,5000,CN,summer,NO,40000.0
NO,41,18.0,5000,CN,summer,YES,90000.0
NO,35,11.0,20000,CN,summer,YES,220000.0
NO,38,11.0,20000,CN,summer,NO,220000.0
NO,41,4.0,10000,CN,summer,NO,40000.0
NO,31,8.0,10000,CN,summer,NO,80000.0
NO,21,8.0,5000,CN,summer,NO,40000.0
NO,54,6.0,1000,CN,summer,YES,6000.0
NO,18,5.87,20000,CN,summer,YES,117400.0
NO,14,2.65,100,CN,summer,NO,265.0
NO,50,7.0,20000,CN,summer,YES,140000.0
NO,46,7.0,100000,CN,summer,YES,700000.0
NO,41,14.0,5000,CN,summer,NO,70000.0
NO,57,19.0,20000,CN,summer,YES,380000.0
NO,38,8.0,5000,CN,summer,YES,40000.0
NO,43,7.0,5000,CN,summer,NO,35000.0
NO,43,8.0,10000,CN,summer,YES,80000.0
NO,28,8.0,1000,CN,summer,YES,8000.0
NO,57,1.7,1000,CN,summer,YES,1700.0
NO,44,12.0,100,CN,summer,NO,1200.0
NO,41,6.0,5000,CN,summer,NO,30000.0
NO,31,11.0,50000,CN,summer,NO,550000.0
NO,43,5.0,100,CN,summer,NO,500.0
NO,36,9.0,100,CN,summer,YES,900.0
NO,40,15.0,1000,CN,summer,YES,15000.0
NO,27,5.0,1000,CN,summer,YES,5000.0
NO,41,15.0,100,CN,summer,NO,1500.0
NO,29,11.0,1000,CN,summer,YES,11000.0
NO,49,14.0,100,CN,summer,NO,1400.0
NO,18,16.0,5000,CN,summer,NO,80000.0
NO,35,6.0,20000,CN,summer,YES,120000.0
NO,14,13.0,1000,CN,summer,NO,13000.0
NO,49,3.86,100,CN,summer,YES,386.0
NO,41,3.74,10000,CN,summer,YES,37400.0
NO,40,7.0,100,CN,summer,NO,700.0
NO,54,12.0,1000,CN,summer,NO,12000.0
NO,40,8.0,100,CN,summer,NO,800.0
NO,84,12.0,100,CN,summer,NO,1200.0
NO,18,7.0,100,CN,summer,NO,700.0
NO,44,8.0,1000,CN,summer,NO,8000.0
NO,43,6.0,1000,CN,summer,NO,6000.0
NO,48,4.0,100,CN,summer,YES,400.0
NO,43,9.0,5000,CN,summer,YES,45000.0
NO,34,3.0,100,CN,summer,YES,300.0
NO,41,16.0,100,CN,summer,YES,1600.0
NO,40,5.84,1000,CN,summer,NO,5840.0
NO,43,11.0,100,CN,summer,YES,1100.0
NO,45,2.0,100,CN,summer,YES,200.0
NO,25,8.0,1000,CN,summer,YES,8000.0
NO,40,7.0,5000,CN,summer,YES,35000.0
NO,23,2.0,5000,CN,summer,YES,10000.0
NO,36,8.0,1000,CN,summer,YES,8000.0
NO,38,11.0,1000,Not specified,summer,YES,11000.0
NO,17,5.0,100,CN,summer,NO,500.0
YES,39,6.0,10000,CN,summer,NO,60000.0
NO,42,12.0,5000,CN,summer,YES,60000.0
NO,43,6.0,100,CN,summer,YES,600.0
NO,24,11.0,5000,CN,summer,NO,55000.0
NO,39,8.0,1000,CN,summer,YES,8000.0
NO,42,2.0,100,CN,summer,YES,200.0
NO,29,5.66,20000,CN,summer,NO,113200.0
NO,39,3.94,100,CN,summer,NO,394.0
NO,26,14.0,1000,CN,summer,YES,14000.0
NO,21,9.0,5000,CN,summer,NO,45000.0
NO,25,4.0,100,CN,summer,YES,400.0
NO,20,11.0,100,CN,summer,NO,1100.0
NO,35,7.0,100,CN,summer,YES,700.0
NO,35,2.0,1000,CN,summer,NO,2000.0
NO,36,3.92,20000,CN,summer,YES,78400.0
NO,37,8.0,10000,CN,summer,NO,80000.0
NO,27,16.0,1000,CN,summer,NO,16000.0
NO,27,8.0,1000,CN,summer,NO,8000.0
NO,40,3.0,100,CN,summer,NO,300.0
NO,21,8.0,100,CN,summer,NO,800.0
NO,40,11.0,100,CN,summer,NO,1100.0
NO,41,11.0,10000,CN,summer,NO,110000.0
NO,25,12.0,100,CN,summer,YES,1200.0
NO,25,16.0,100,CN,summer,NO,1600.0
NO,42,14.0,100,CN,summer,NO,1400.0
NO,19,3.0,100,CN,summer,YES,300.0
NO,49,3.86,100,CN,summer,YES,386.0
NO,61,5.82,1000,CN,summer,YES,5820.0
NO,37,8.0,50,CN,summer,YES,400.0
NO,14,11.0,100,CN,summer,NO,1100.0
NO,35,11.0,5000,CN,summer,YES,55000.0
NO,42,1.86,1000,CN,summer,YES,1860.0
NO,38,3.88,100,CN,summer,NO,388.0
NO,41,8.0,50,CN,summer,YES,400.0
NO,135,3.71,10,CN,summer,NO,37.1
NO,44,11.0,100,CN,summer,YES,1100.0
NO,48,5.0,1000,CN,summer,YES,5000.0
NO,41,11.0,100,CN,summer,NO,1100.0
NO,43,11.0,1000,CN,summer,NO,11000.0
NO,40,13.0,1000,CN,summer,NO,13000.0
NO,36,8.0,10000,CN,summer,YES,80000.0
NO,52,13.0,10000,CN,summer,NO,130000.0
NO,24,5.83,100,CN,summer,NO,583.0
NO,40,8.0,100,CN,summer,NO,800.0
NO,43,2.81,50,CN,summer,NO,140.5
NO,118,2.0,10000,CN,summer,YES,20000.0
NO,25,5.84,100,CN,summer,NO,584.0
NO,34,16.0,50,CN,summer,NO,800.0
NO,33,7.0,100,CN,summer,NO,700.0
NO,9,6.0,5000,CN,summer,YES,30000.0
NO,28,9.0,1000,CN,summer,YES,9000.0
NO,63,2.66,100,CN,summer,NO,266.0
NO,43,6.0,1000,CN,summer,NO,6000.0
NO,33,16.0,100,CN,summer,YES,1600.0
NO,25,8.0,1000,CN,summer,NO,8000.0
NO,35,5.8,20000,CN,summer,YES,116000.0
NO,43,9.0,10,CN,summer,YES,90.0
NO,139,7.0,100,CN,summer,NO,700.0
NO,31,12.0,1000,CN,summer,YES,12000.0
NO,37,2.89,50,CN,summer,NO,144.5
NO,19,8.0,50,US,summer,YES,400.0
NO,21,9.0,100,CN,summer,NO,900.0
NO,43,5.67,1000,CN,summer,NO,5670.0
NO,43,6.0,1000,CN,summer,NO,6000.0
NO,40,11.0,100,CN,summer,NO,1100.0
NO,31,8.0,10000,CN,summer,NO,80000.0
NO,43,7.0,8,CN,summer,NO,56.0
NO,41,14.0,100,CN,summer,NO,1400.0
NO,43,14.0,1000,CN,summer,YES,14000.0
NO,36,8.0,10000,CN,summer,NO,80000.0
NO,48,2.0,100,CN,summer,YES,200.0
NO,40,8.0,1000,CN,summer,YES,8000.0
NO,37,2.0,100,CN,summer,YES,200.0
NO,25,2.0,100,CN,summer,YES,200.0
NO,41,9.0,1000,CN,summer,YES,9000.0
NO,34,3.0,100,CN,summer,YES,300.0
NO,38,9.0,20000,CN,summer,YES,180000.0
NO,27,11.0,100,CN,summer,YES,1100.0
NO,32,4.0,1000,CN,summer,NO,4000.0
NO,35,11.0,1000,US,summer,YES,11000.0
NO,127,4.0,100,CN,summer,NO,400.0
NO,26,4.9,100,CN,summer,NO,490.00000000000006
NO,55,9.0,1000,CN,summer,NO,9000.0
NO,52,12.0,100,CN,summer,YES,1200.0
NO,109,7.0,1000,CN,summer,YES,7000.0
NO,38,7.0,1000,CN,summer,YES,7000.0
NO,40,1.85,100,Not specified,summer,NO,185.0
NO,25,12.0,100,CN,summer,YES,1200.0
NO,41,12.0,20000,CN,summer,YES,240000.0
NO,55,5.88,20000,CN,summer,NO,117600.0
NO,40,15.0,1000,CN,summer,NO,15000.0
NO,36,8.0,20000,CN,summer,NO,160000.0
NO,43,9.0,10000,CN,summer,NO,90000.0
NO,38,9.0,50,CN,summer,NO,450.0
NO,41,8.0,100,CN,summer,NO,800.0
NO,22,7.0,10,CN,summer,YES,70.0
NO,31,6.0,100,CN,summer,NO,600.0
NO,41,4.7,100,CN,summer,NO,470.0
NO,40,6.0,1000,CN,summer,NO,6000.0
NO,41,4.93,100,CN,summer,NO,493.0
NO,32,3.0,1000,CN,summer,NO,3000.0
NO,43,8.0,5000,CN,summer,YES,40000.0
NO,20,2.0,5000,CN,summer,YES,10000.0
NO,45,8.0,10000,CN,summer,NO,80000.0
NO,32,14.0,10000,CN,summer,YES,140000.0
NO,40,15.0,1000,CN,summer,YES,15000.0
NO,21,8.0,5000,CN,summer,NO,40000.0
NO,37,5.67,100000,CN,summer,NO,567000.0
NO,40,14.0,5000,CN,summer,NO,70000.0
NO,42,7.0,1000,CN,summer,YES,7000.0
NO,41,9.0,20000,CN,summer,YES,180000.0
NO,80,11.0,100,CN,summer,YES,1100.0
NO,34,16.0,10,CN,summer,NO,160.0
NO,40,6.0,100,CN,summer,NO,600.0
NO,34,12.0,1000,CN,summer,NO,12000.0
NO,81,16.0,100,CN,summer,YES,1600.0
NO,43,12.0,1000,CN,summer,NO,12000.0
NO,40,13.0,100,CN,summer,YES,1300.0
NO,23,11.0,10000,CN,summer,NO,110000.0
NO,63,11.0,5000,CN,summer,NO,55000.0
NO,42,3.71,1000,CN,summer,YES,3710.0
NO,40,6.0,1000,CN,summer,NO,6000.0
NO,41,6.0,5000,CN,summer,YES,30000.0
NO,20,12.0,5000,CN,summer,NO,60000.0
NO,51,2.0,50000,CN,summer,NO,100000.0
NO,35,5.0,100,CN,summer,YES,500.0
NO,32,5.0,5000,CN,summer,NO,25000.0
NO,44,4.66,50000,CN,summer,YES,233000.0
NO,43,8.0,100,CN,summer,YES,800.0
NO,44,9.0,100,CN,summer,YES,900.0
NO,41,8.0,1000,CN,summer,YES,8000.0
NO,40,16.0,10,CN,summer,YES,160.0
NO,42,5.0,1000,CN,summer,YES,5000.0
NO,35,6.0,10000,CN,summer,YES,60000.0
NO,34,18.0,10,CN,summer,NO,180.0
NO,38,8.0,20000,CN,summer,YES,160000.0
NO,26,11.0,100,CN,summer,YES,1100.0
NO,43,5.0,10000,CN,summer,YES,50000.0
NO,40,5.0,100,CN,summer,NO,500.0
NO,17,26.0,100,CN,summer,YES,2600.0
NO,23,6.0,100,CN,summer,NO,600.0
NO,43,5.78,100,CN,summer,YES,578.0
NO,28,5.0,20000,CN,summer,YES,100000.0
NO,42,5.73,100,CN,summer,NO,573.0
NO,48,3.83,10000,CN,summer,NO,38300.0
NO,36,7.0,100,CN,summer,NO,700.0
NO,41,15.0,100,CN,summer,NO,1500.0
NO,36,3.92,20000,CN,summer,YES,78400.0
NO,34,11.0,100,CN,summer,NO,1100.0
NO,25,6.0,10,CN,summer,NO,60.0
NO,31,2.65,20000,CN,summer,NO,53000.0
NO,23,3.71,100,CN,summer,YES,371.0
NO,41,13.0,100,CN,summer,NO,1300.0
NO,54,12.0,1000,CN,summer,NO,12000.0
NO,35,13.0,20000,CN,summer,NO,260000.0
NO,52,12.0,5000,CN,summer,NO,60000.0
NO,43,5.69,5000,CN,summer,NO,28450.000000000004
NO,6,6.0,10000,CN,summer,YES,60000.0
NO,29,11.0,1000,CN,summer,YES,11000.0
NO,50,5.0,100,CN,summer,NO,500.0
NO,43,7.0,1000,CN,summer,NO,7000.0
NO,41,11.0,5000,CN,summer,NO,55000.0
NO,41,5.65,100,CN,summer,YES,565.0
NO,20,5.85,10000,CN,summer,NO,58500.0
NO,42,8.0,100,CN,summer,NO,800.0
NO,18,6.0,5000,CN,summer,YES,30000.0
NO,14,11.0,100,CN,summer,NO,1100.0
NO,43,14.0,5000,CN,summer,NO,70000.0
NO,38,3.68,100,Not specified,summer,NO,368.0
NO,41,18.0,100,CN,summer,NO,1800.0
NO,39,5.0,1000,CN,summer,NO,5000.0
NO,43,7.0,100,CN,summer,NO,700.0
NO,93,8.0,5000,CN,summer,NO,40000.0
NO,37,16.0,50,CN,summer,NO,800.0
NO,20,5.74,5000,CN,summer,NO,28700.0
NO,43,8.0,10000,CN,summer,NO,80000.0
NO,43,8.0,20000,CN,summer,NO,160000.0
NO,41,3.0,100,CN,summer,NO,300.0
NO,37,2.89,50,CN,summer,NO,144.5
NO,36,2.0,1000,CN,summer,NO,2000.0
NO,36,9.0,1000,CN,summer,YES,9000.0
NO,44,9.0,100,CN,summer,YES,900.0
NO,14,11.0,5000,CN,summer,NO,55000.0
NO,40,9.0,1000,Not specified,summer,NO,9000.0
NO,47,4.8100000000000005,100,CN,summer,YES,481.00000000000006
NO,23,8.0,50,CN,summer,NO,400.0
NO,19,8.0,10000,CN,summer,YES,80000.0
NO,20,5.0,1000,CN,summer,YES,5000.0
NO,26,6.0,1000,CN,summer,YES,6000.0
NO,36,13.0,1000,CN,summer,NO,13000.0
NO,37,2.89,50,CN,summer,NO,144.5
NO,21,11.0,1000,CN,summer,NO,11000.0
NO,48,5.0,1000,CN,summer,YES,5000.0
NO,127,7.0,100,CN,summer,NO,700.0
NO,28,9.0,1000,CN,summer,YES,9000.0
NO,38,12.0,100,Not specified,summer,NO,1200.0
NO,25,5.75,1000,CN,summer,NO,5750.0
NO,16,11.0,100,US,summer,YES,1100.0
NO,41,11.0,1000,CN,summer,YES,11000.0
NO,40,11.0,100,CN,summer,NO,1100.0
NO,26,7.0,100,CN,summer,NO,700.0
NO,48,1.72,100,CN,summer,YES,172.0
NO,139,2.9,100,CN,summer,YES,290.0
NO,39,8.0,10000,CN,summer,NO,80000.0
NO,43,2.81,50,CN,summer,NO,140.5
NO,48,2.0,100,CN,summer,YES,200.0
NO,20,8.0,100,CN,summer,NO,800.0
NO,41,5.86,1000,CN,summer,YES,5860.0
NO,33,11.0,1000,CN,summer,NO,11000.0
NO,27,2.67,10,CN,summer,NO,26.7
NO,45,11.0,10000,CN,summer,YES,110000.0
NO,66,13.0,5000,US,summer,NO,65000.0
NO,41,5.65,100,CN,summer,YES,565.0
NO,37,8.0,100,CN,summer,NO,800.0
NO,40,14.0,1000,CN,summer,NO,14000.0
NO,25,11.0,1000,CN,summer,YES,11000.0
NO,40,7.0,10000,CN,summer,NO,70000.0
NO,39,11.0,10000,CN,summer,YES,110000.0
NO,34,9.0,1000,CN,summer,YES,9000.0
NO,37,8.0,10000,CN,summer,NO,80000.0
NO,20,8.0,100,CN,summer,NO,800.0
NO,34,11.0,100,US,summer,NO,1100.0
NO,36,15.0,50,CN,summer,YES,750.0
NO,35,16.0,100,VE,summer,YES,1600.0
NO,25,5.0,5000,CN,summer,YES,25000.0
NO,40,13.0,100,CN,summer,NO,1300.0
NO,36,20.0,100,CN,summer,YES,2000.0
NO,41,16.0,100,CN,summer,YES,1600.0
NO,40,1.0,100,Not specified,summer,NO,100.0
NO,33,9.0,20000,CN,summer,YES,180000.0
NO,22,14.0,1000,CN,summer,NO,14000.0
NO,43,6.0,6,CN,summer,NO,36.0
NO,24,7.0,100,CN,summer,NO,700.0
NO,52,11.0,5000,CN,summer,NO,55000.0
NO,48,1.72,100,CN,summer,YES,172.0
NO,40,5.67,20000,Not specified,summer,NO,113400.0
NO,40,6.0,100,CN,summer,YES,600.0
NO,41,6.0,100,CN,summer,YES,600.0
NO,40,12.0,100,CN,summer,YES,1200.0
NO,40,11.0,100,CN,summer,YES,1100.0
NO,37,12.0,50,CN,summer,NO,600.0
NO,38,11.0,1000,CN,summer,YES,11000.0
NO,37,8.0,1000,CN,summer,NO,8000.0
NO,42,5.0,100,CN,summer,NO,500.0
NO,20,4.0,100,CN,summer,YES,400.0
NO,35,11.0,10000,CN,summer,NO,110000.0
NO,36,12.0,50,CN,summer,NO,600.0
NO,37,11.0,5000,CN,summer,NO,55000.0
NO,25,8.0,50,CN,summer,NO,400.0
NO,31,7.0,10000,CN,summer,NO,70000.0
NO,25,8.0,100,CN,summer,NO,800.0
NO,43,1.88,100,CN,summer,YES,188.0
NO,54,11.0,1000,CN,summer,NO,11000.0
NO,39,9.0,100,CN,summer,NO,900.0
NO,41,3.88,10000,CN,summer,NO,38800.0
NO,17,11.0,1000,CN,summer,NO,11000.0
NO,17,8.0,100,CN,summer,NO,800.0
NO,23,5.65,1000,CN,summer,YES,5650.0
NO,33,8.0,100,CN,summer,NO,800.0
NO,35,2.0,10,CN,summer,NO,20.0
NO,40,12.0,1000,CN,summer,NO,12000.0
NO,26,1.66,100,CN,summer,YES,166.0
NO,9,7.0,1000,CN,summer,NO,7000.0
NO,138,8.0,1000,CN,summer,NO,8000.0
NO,45,9.0,1000,GB,summer,YES,9000.0
NO,36,8.0,1000,CN,summer,YES,8000.0
NO,10,14.0,1000,CN,summer,YES,14000.0
NO,52,8.0,1000,CN,summer,NO,8000.0
NO,43,11.0,10000,CN,summer,YES,110000.0
NO,38,19.0,100,CN,summer,YES,1900.0
NO,139,7.0,50,CN,summer,NO,350.0
NO,38,8.0,10000,CN,summer,YES,80000.0
NO,20,11.0,1000,CN,summer,YES,11000.0
NO,40,12.0,1000,CN,summer,YES,12000.0
NO,41,2.0,100,CN,summer,YES,200.0
NO,41,8.0,100,CN,summer,YES,800.0
NO,18,8.0,100,US,summer,YES,800.0
NO,43,5.0,100,CN,summer,NO,500.0
NO,45,5.0,100,CN,summer,YES,500.0
NO,41,13.0,100,CN,summer,NO,1300.0
NO,40,2.0,5000,CN,summer,NO,10000.0
NO,17,8.0,100,CN,summer,YES,800.0
NO,23,5.86,100,CN,summer,YES,586.0
NO,43,7.0,5000,CN,summer,NO,35000.0
NO,35,2.0,10,CN,summer,NO,20.0
NO,40,1.68,100,CN,summer,YES,168.0
NO,23,8.0,100,CN,summer,NO,800.0
NO,41,8.0,100,CN,summer,NO,800.0
NO,41,8.0,1000,CN,summer,YES,8000.0
NO,24,12.0,1000,CN,summer,NO,12000.0
NO,40,2.0,100,CN,summer,YES,200.0
NO,42,11.0,1000,CN,summer,NO,11000.0
NO,42,8.0,10000,CN,summer,YES,80000.0
NO,32,16.0,100,CN,summer,NO,1600.0
NO,43,8.0,8,CN,summer,NO,64.0
NO,36,9.0,5000,CN,summer,YES,45000.0
NO,28,11.0,5000,CN,summer,NO,55000.0
NO,50,8.0,5000,CN,summer,YES,40000.0
NO,27,8.0,5000,CN,summer,YES,40000.0
NO,46,11.0,10000,CN,summer,NO,110000.0
NO,36,11.0,50,CN,summer,YES,550.0
NO,60,17.0,1000,CN,summer,NO,17000.0
NO,43,7.0,10,CN,summer,NO,70.0
NO,20,2.8,1000,CN,summer,YES,2800.0
NO,15,8.0,50,CN,summer,YES,400.0
NO,30,5.89,100,CN,summer,YES,589.0
NO,37,8.0,1000,CN,summer,NO,8000.0
NO,16,1.0,100,CN,summer,YES,100.0
NO,28,8.0,100,CN,summer,YES,800.0
NO,41,16.0,10000,CN,summer,NO,160000.0
NO,34,1.66,1000,CN,summer,YES,1660.0
NO,14,6.0,100,CN,summer,NO,600.0
NO,37,2.71,100,CN,summer,YES,271.0
NO,41,8.0,10000,CN,summer,YES,80000.0
NO,39,16.0,5000,CN,summer,YES,80000.0
NO,29,5.0,1000,CN,summer,NO,5000.0
NO,46,11.0,5000,CN,summer,YES,55000.0
NO,39,6.0,1000,CN,summer,YES,6000.0
NO,41,4.88,1000,CN,summer,NO,4880.0
NO,10,16.0,20000,CN,summer,NO,320000.0
NO,25,11.0,1000,CN,summer,YES,11000.0
NO,43,6.0,1000,CN,summer,NO,6000.0
NO,43,5.0,1000,CN,summer,NO,5000.0
NO,25,6.0,10000,CN,summer,NO,60000.0
NO,62,6.0,1000,CN,summer,YES,6000.0
NO,44,14.0,10000,CN,summer,YES,140000.0
NO,41,6.0,10,CN,summer,NO,60.0
NO,27,9.0,100,CN,summer,YES,900.0
NO,35,5.0,5000,CN,summer,YES,25000.0
NO,36,7.0,20000,CN,summer,YES,140000.0
NO,43,9.0,100,CN,summer,NO,900.0
NO,41,15.0,1000,CN,summer,YES,15000.0
NO,135,7.0,1000,CN,summer,NO,7000.0
NO,54,13.0,1000,CN,summer,NO,13000.0
NO,35,7.0,100,CN,summer,YES,700.0
NO,41,4.0,5000,CN,summer,NO,20000.0
NO,26,8.0,1000,CN,summer,NO,8000.0
NO,40,14.0,1000,CN,summer,NO,14000.0
NO,43,8.0,1000,CN,summer,YES,8000.0
NO,48,4.0,5000,US,summer,YES,20000.0
NO,40,1.68,100,CN,summer,YES,168.0
NO,72,11.0,10000,CN,summer,NO,110000.0
NO,27,6.0,100,CN,summer,YES,600.0
NO,45,5.85,100,CN,summer,YES,585.0
NO,20,5.69,1000,CN,summer,NO,5690.0
NO,47,5.71,20000,CN,summer,NO,114200.0
NO,43,9.0,1000,CN,summer,NO,9000.0
NO,43,12.0,5000,CN,summer,NO,60000.0
NO,38,5.0,20000,CN,summer,NO,100000.0
NO,46,9.0,100,CN,summer,NO,900.0
NO,18,8.0,100,US,summer,YES,800.0
NO,36,9.0,5000,CN,summer,YES,45000.0
NO,41,7.0,1000,CN,summer,YES,7000.0
NO,21,7.0,100,CN,summer,NO,700.0
NO,40,15.0,1000,CN,summer,NO,15000.0
NO,42,8.0,10000,CN,summer,YES,80000.0
NO,33,8.0,10,CN,summer,YES,80.0
NO,40,16.0,10000,CN,summer,YES,160000.0
NO,48,8.0,5000,CN,summer,NO,40000.0
NO,33,9.0,5000,CN,summer,YES,45000.0
NO,36,8.0,5000,CN,summer,NO,40000.0
NO,36,9.0,5000,CN,summer,NO,45000.0
NO,41,11.0,5000,CN,summer,NO,55000.0
NO,81,3.65,20000,CN,summer,YES,73000.0
NO,25,4.67,100,CN,summer,YES,467.0
NO,43,11.0,1000,CN,summer,NO,11000.0
NO,36,8.0,1000,CN,summer,YES,8000.0
NO,41,8.0,1000,CN,summer,NO,8000.0
NO,139,8.0,5000,CN,summer,YES,40000.0
NO,25,12.0,100,CN,summer,YES,1200.0
NO,20,8.0,20000,CN,summer,NO,160000.0
NO,41,6.0,1000,CN,summer,YES,6000.0
NO,23,8.0,50,CN,summer,NO,400.0
NO,43,2.69,100,CN,summer,NO,269.0
NO,43,1.67,100,US,summer,YES,167.0
NO,35,8.0,100,CN,summer,YES,800.0
NO,17,6.0,100,CN,summer,NO,600.0
NO,32,8.0,5000,CN,summer,YES,40000.0
NO,43,9.0,5000,CN,summer,YES,45000.0
NO,21,3.0,5000,CN,summer,NO,15000.0
NO,26,3.0,100,CN,summer,YES,300.0
NO,37,2.71,100,CN,summer,YES,271.0
NO,39,1.0,50,CN,summer,NO,50.0
NO,42,11.0,100,CN,summer,NO,1100.0
NO,45,6.0,50,CN,summer,YES,300.0
NO,39,16.0,100,CN,summer,NO,1600.0
NO,48,5.0,5000,CN,summer,NO,25000.0
NO,49,11.0,100,CN,summer,YES,1100.0
NO,43,2.72,1000,CN,summer,YES,2720.0
NO,41,7.0,1000,CN,summer,NO,7000.0
NO,37,3.81,1000,CN,summer,NO,3810.0
NO,41,11.0,100,CN,summer,YES,1100.0
NO,38,6.0,100,CN,summer,YES,600.0
NO,40,9.0,100,CN,summer,YES,900.0
NO,45,5.0,100,CN,summer,YES,500.0
NO,41,8.0,10000,CN,summer,NO,80000.0
NO,41,8.0,100,CN,summer,NO,800.0
NO,41,13.0,100,CN,summer,NO,1300.0
NO,40,11.0,100,CN,summer,NO,1100.0
NO,28,15.0,5000,CN,summer,YES,75000.0
NO,39,11.0,100,CN,summer,YES,1100.0
NO,35,2.81,100,CN,summer,YES,281.0
NO,44,6.0,5000,CN,summer,NO,30000.0
NO,35,5.66,1000,CN,summer,NO,5660.0
NO,31,6.0,10000,CN,summer,NO,60000.0
NO,36,8.0,50000,CN,summer,NO,400000.0
NO,43,7.0,10000,CN,summer,YES,70000.0
NO,43,14.0,100,CN,summer,YES,1400.0
NO,57,1.84,100,CN,summer,YES,184.0
NO,24,8.0,1000,CN,summer,NO,8000.0
NO,38,9.0,10000,CN,summer,NO,90000.0
NO,51,7.0,100,US,summer,NO,700.0
NO,140,5.0,100,CN,summer,YES,500.0
NO,21,3.72,1000,CN,summer,YES,3720.0
NO,41,3.81,5000,CN,summer,NO,19050.0
NO,45,4.93,1000,CN,summer,YES,4930.0
NO,45,11.0,10000,CN,summer,YES,110000.0
NO,39,6.0,1000,CN,summer,YES,6000.0
NO,41,7.0,50,CN,summer,NO,350.0
NO,26,16.0,5000,US,summer,YES,80000.0
NO,43,8.0,8,CN,summer,NO,64.0
NO,55,9.0,1000,US,summer,NO,9000.0
NO,24,8.0,100,CN,summer,YES,800.0
NO,37,8.0,10000,CN,summer,YES,80000.0
NO,43,5.0,100,CN,summer,YES,500.0
NO,40,5.0,5000,CN,summer,YES,25000.0
NO,43,14.0,1000,CN,summer,NO,14000.0
NO,27,14.0,1,CN,summer,NO,14.0
NO,44,2.8,100,CN,summer,YES,280.0
NO,41,8.0,10000,CN,summer,NO,80000.0
NO,33,11.0,10,CN,summer,NO,110.0
NO,32,9.0,5000,CN,summer,NO,45000.0
NO,38,8.0,10000,CN,summer,YES,80000.0
NO,32,16.0,100,CN,summer,NO,1600.0
NO,17,6.0,100,CN,summer,NO,600.0
NO,48,7.0,10000,CN,summer,NO,70000.0
NO,49,3.66,20000,CN,summer,NO,73200.0
NO,43,7.0,5000,CN,summer,NO,35000.0
NO,41,6.0,1000,CN,summer,NO,6000.0
NO,40,4.8100000000000005,10000,CN,summer,NO,48100.00000000001
NO,39,8.0,1000,CN,summer,YES,8000.0
NO,41,8.0,20000,CN,summer,YES,160000.0
NO,41,14.0,5000,CN,summer,NO,70000.0
NO,138,4.67,10000,CN,summer,YES,46700.0
NO,41,1.8,1000,CN,summer,YES,1800.0
NO,58,5.9,5000,CN,summer,YES,29500.0
NO,35,5.0,1000,CN,summer,NO,5000.0
NO,36,12.0,20000,CN,summer,NO,240000.0
NO,32,5.0,20000,CN,summer,NO,100000.0
NO,43,14.0,1000,CN,summer,YES,14000.0
NO,38,12.0,20000,CN,summer,NO,240000.0
NO,25,5.84,100,CN,summer,NO,584.0
NO,41,13.0,100,CN,summer,NO,1300.0
NO,35,6.0,10000,CN,summer,YES,60000.0
NO,43,9.0,5000,CN,summer,NO,45000.0
NO,10,15.0,20000,CN,summer,NO,300000.0
NO,20,8.0,100,CN,summer,NO,800.0
NO,41,7.0,1000,CN,summer,NO,7000.0
NO,23,8.0,5000,CN,summer,YES,40000.0
NO,42,2.0,100,CN,summer,YES,200.0
NO,43,8.0,1000,CN,summer,YES,8000.0
NO,43,11.0,100,CN,summer,NO,1100.0
NO,139,8.0,1000,CN,summer,NO,8000.0
NO,127,2.69,1000,CN,summer,YES,2690.0
NO,42,6.0,5000,CN,summer,NO,30000.0
NO,39,8.0,1000,CN,summer,YES,8000.0
NO,9,5.83,100,CN,summer,YES,583.0
NO,14,11.0,100,CN,summer,NO,1100.0
NO,40,11.0,1000,CN,summer,YES,11000.0
NO,27,14.0,1000,CN,summer,NO,14000.0
NO,26,27.0,50,CN,summer,YES,1350.0
NO,58,4.0,10,CN,summer,YES,40.0
NO,46,16.0,10000,CN,summer,NO,160000.0
NO,46,11.0,20000,CN,summer,YES,220000.0
NO,42,8.0,20000,CN,summer,NO,160000.0
NO,43,5.77,100,CN,summer,NO,577.0
NO,23,11.0,10000,CN,summer,NO,110000.0
NO,38,9.0,1000,CN,summer,YES,9000.0
NO,17,12.0,1000,CN,summer,NO,12000.0
NO,29,5.87,1000,CN,summer,YES,5870.0
NO,38,7.0,100,CN,summer,YES,700.0
NO,14,8.0,1000,CN,summer,NO,8000.0
NO,26,7.0,1000,CN,summer,YES,7000.0
NO,23,8.0,100,CN,summer,NO,800.0
NO,39,9.0,5000,CN,summer,NO,45000.0
NO,14,8.0,1000,CN,summer,NO,8000.0
NO,31,2.71,100,CN,summer,YES,271.0
NO,40,12.0,10000,CN,summer,NO,120000.0
NO,48,13.0,1000,CN,summer,NO,13000.0
NO,32,3.0,5000,CN,summer,NO,15000.0
NO,23,7.0,100,CN,summer,YES,700.0
NO,48,5.0,5000,CN,summer,NO,25000.0
NO,14,6.0,100,CN,summer,NO,600.0
NO,139,12.0,5000,CN,summer,NO,60000.0
NO,36,8.0,50,CN,summer,NO,400.0
NO,27,7.0,1000,CN,summer,YES,7000.0
NO,36,9.0,20000,CN,summer,NO,180000.0
NO,36,13.0,10000,CN,summer,NO,130000.0
NO,36,16.0,100,CN,summer,YES,1600.0
NO,27,7.0,5000,CN,summer,NO,35000.0
NO,40,3.87,1000,CN,summer,YES,3870.0
NO,41,4.93,100,CN,summer,NO,493.0
NO,38,15.0,100,CN,summer,NO,1500.0
NO,36,5.91,1000,CN,summer,NO,5910.0
NO,41,3.0,100,CN,summer,YES,300.0
NO,46,11.0,100,CN,summer,YES,1100.0
NO,44,8.0,20000,CN,summer,YES,160000.0
NO,41,6.0,10000,CN,summer,YES,60000.0
NO,26,2.0,100,CN,summer,YES,200.0
NO,11,5.0,100,CN,summer,NO,500.0
NO,29,13.0,100,CN,summer,NO,1300.0
NO,41,7.0,100,CN,summer,YES,700.0
